hu826751,11,11,greyish blue,greyish blue
huDDCF88,1,1,blue,same
hu3DC5EA,15,15,light brown,light brown
hu008567,7,7,very blue with darker blue outside ring,very blue with darker blue outside ring
hu98FFC6,14,14,Hazel green with brown center ,Same
hu0D1FA1,7,7,"dark ring, grey but fluctuates with reflected light",same
hu7604D9,9,9,Blue with amber ring around pupil,Blue with amber ring around pupil
huCF446F,16,16,brown,brown
hu6E5DF0,18,18,Brown,Brown
hu05CA34,13,13,hazel,same
hu9F7183,2,2,blue,same
hu0FB755,1,1,blue,blue
hu0FB755,1,1,blue,blue
hu5DA1EE,14,14,Hazel with brown tones,Hazel with brown tones
huE7F5FC,10,12,grey,grey
huAEADC0,5,5,grey-blue,same
hu775E9F,7,7,darker blue outer circle with grey inner streaks,same
hu2D6140,7,7,hazel,hazel
hu726FB4,2,2,"blue, clear with no flecks",same
hu2C1D94,10,10,Light green with amber spots,same
huB1FD55,14,15,"golden brown center, gray outer",same
hu816A0B,13,13,green,green
huA60DA9,21,21,Brown with some golden streaks,Same
hu5A063B,10,8,aqua,same
huB10361,16,13,hazel,hazel
huA08B2B,17,17,Hazel with brown and grey,Hazel with brown and grey
hu101457,9,9,bluish-green with hazel and amber flecks,bluish-green with hazel and amber flecks
hu60180F,23,23,dark brown,same
huDE435D,3,3,Blue,Blue
huA05317,16,16,"Brown inner ring, tan middle ring, grey outer ring, irregular borders",same
huBD6B35,13,13,havel,same
hu38BF09,7,2,"Blue-Green, Bit of Yellow","Blue, Bits of White"
hu6C733E,7,7,Gray blue,Gray blue
hu5BB600,2,2,Blue,Blue
hu2C1AB7,15,15,Hazel,Same
hu260CA7,13,13,hazel,hazel
hu7A262B,4,4,,same
huB24B8E,20,20,Dark brown greenish flecks,same
hu04260F,16,16,Brown with flecks of green,Same
hu17ABE7,3,2,blue with Amber ring and outer blue ring,same
huA9A1B6,14,14,hazel,hazel
hu8D99F6,14,14,brown inner ring near pupil that has star-like extensions into green outer ring near sclera,same
hu8D99F6,14,14,,same
hu95E46D,2,4,light blue,medium blue
huDBF9DD,21,21,brown,same
hu034DB1,13,13,Green,Same
hu0E64A1,2,2,Blue,Same
hu627574,13,13,light blue green with orange bursts around iris,same
hu2BC187,18,18,brown,brown
hu7123C1,2,10,Light Blue,Light Blue
huE9B080,11,11,hazel with ring,same
huEA2AF0,13,13,,
huC14AE1,2,2,"Blue eye, uniform color","Blue eye, uniform color"
huCBEE5B,22,22,dark brown,same
hu2F052E,6,6,blue-green,blue-green
hu5880D9,13,13,Dark blue/green background with yellow center,same
hu9408BD,13,13,hazel,same
huA7EB97,20,21,Brown,"Same, darker"
hu52DA79,16,15,"bluish ring around the outside, dark greenish yellow, then brown splotch around the iris","bluish ring around the outside, light green-brown middle, then darker green-brown splotch around the iris"
huD550A5,21,21,Brown,Same
hu374F4A,1,1,Blue,same
huD16532,4,4,Blue,Same
hu1365DC,8,8,Blue-Green,same
hu63432C,18,20,Brown,Same
huBA344C,14,14,"Outside ring green, inside ring brown",same
hu7D0E75,5,5,blue,blue
hu516E89,4,4,blue,same
hu3E50D4,23,23,dark brown,dark brown
hu265361,19,19,Brown with dark outer ring,Same
hu5A6172,2,2,blue,same
huCCF26A,2,2,my eye color is more blue than grey ,same
hu4F3A99,17,17,clear blue,clear blue
huD57BBF,6,6,Blue,same
huF041C5,21,21,Brown,Brown
hu14262A,4,4,Blue - more blue than in your chart,blue - more blue than in your chart
hu5844AD,,,blue,blue
huD09050,4,4,very light blue,very light blue
huCAFC1C,23,23,dark brown with blue ring,dark brown with blue ring
huD8C3BD,1,1,deep blue with some amber flecks,same
hu6C3F34,17,17,light brown,same
hu28391C,2,2,blue with one brown fleck,blue
hu76CAA5,13,13,"Hazel, both eyes somewhere between photo 13 and 14, with slightly more brown around the pupil than 13, but less than 14",same
huF83462,13,13,hazel,hazel
huC5733C,2,2,,
hu10D50B,16,16,brown radiating to hazel,brown radiating to hazel
huB5A0DF,4,4,Blue,Blue
hu5962F5,13,11,,
hu2D53F2,16,16,Brown,Brown
huFD4AD3,2,2,blue,blue
hu12771C,7,7,Blue green,Same
hu8FE675,24,24,Very dark brown,Same
hu751995,14,14,Hazel,same
huE2FAF1,19,19,Medium brown with a very dark ring around the edge,Same
huC4F2BB,23,22,brown,brown
huA720D3,14,14,green to brown,green to brown
hu397733,21,21,Brown w dark gray edge,Same
hu05E665,15,14,hazel,same
huD20DAF,3,16,bright green,light brown
huD10FBC,7,7,Blue with darker ring and green flecks,Blue with darker ring and green flecks
hu337BB4,15,14,brown grey,same
hu0F0879,20,20,"Mostly brown with some lighter brown streaks, thin outer grey ring",same
huF80F84,11,11,"green, grey, blue, changes color based on clothes, medium, light, darker ring around pupil",same
hu3C86DB,13,13,Green,Same
hu04F220,18,19,Light brown with flecks,Same
huA55602,14,13,hazel green,same
hu9941AD,4,4,"Medium blue with a grayish-white sunburst (ring and rays, similar to the sun), with the rays extending to and almost to edge of iris","same, very little difference "
huDBD591,7,7,Blueish green,same
hu851AB8,20,20,Brown,Same
huD0E08A,2,2,"Light blue with subtle grey undertone, very uniform in color, barely visible light green inner ring",Same
hu21DC54,1,1,blue,blue
huC36E0F,17,17,"light brown top-mid iris, green lower bottom iris",same
hu28DA07,19,20,brown,brown
huBC8000,3,3,"blue, with spots",same
hu30AAAF,11,11,green,green
hu521A6E,14,14,greenish hazel,greenish hazel
huE58F77,9,9,"Blue,green,grey","Blue,green,grey"
hu7BE59E,15,15,green with some gold at denter,same
hu6D50BE,15,15,Brown ,Brown
hu599905,13,13,Hazel,Hazel
hu5B19AE,7,7,Grey,Gray
hu580BA5,15,15,"Hazel, green outer ring, brown inner ring",same
hu5A61B8,13,13,"Green, hazel around Pupil, dark ring",Same
hu675643,20,20,hazel,same
hu399FC0,11,11,green with brown,same
hu81C741,17,17,brown with ring,same
hu5AB9A8,4,4,blue more water than sky,blue  more water than sky
hu24F4AB,13,13,hazel,hazel
hu779B4F,4,4,Blue-gray,same
hu3CAB43,7,7,blue with gold streaks,same
hu8AFE1F,4,4,grey,grey
hu6D1115,16,16,brown with a little bit of gray,same
huA45084,7,7,blue with some gray spokes and amber spots around pupil,same
hu1A8C1E,13,12,"hazel - green ring outside, brown inside",same
huB89823,7,3,"Blue, darker on the outer edge",Blue
hu96405F,18,18,Dark brown with a slightly green ring on the outside,Dark brown with a slightly green ring on the outside
hu33894B,24,24,Dark Brown,Dark Brown
huE9D7FD,20,20,brown,same
hu34BA70,10,10,green,same
huDD6E7A,9,9,"outer part blue, inner part yellow",same
hu00D419,12,12,green with flecks and dark outer ring,same
hu05F442,3,3,blue,blue
huFEC65A,9,9,green hazel,green hazel
hu251460,11,11,hazel,same
hu574751,4,4,blue,same
hu30888B,11,11,Light blue with hints of brown in the center,same
huE5A9A3,13,13,amber,same
huCEB0FE,16,16,"green ring, brown center",same
hu3A68BA,11,11,hazel,same
huEE0410,7,7,grey/blue,same
hu70C80B,18,18,brown,same
hu024B5D,1,1,"blue, dark","blue, dark"
hu2AF047,20,20,brown,same
hu6A28EC,11,11,green/hazel,green/hazel
hu613C50,13,13,hazel with a ring,same
hu2AE6B6,6,6,hazel,hazel
huD554DB,19,19,"Strong outer ring, green to light brown",Dark utter ring more dominant than left and green to light brown
hu4B11A3,13,13,"Dominantly green, with a hint of brown flecks",same
hu98D4A9,18,21,brown,same
huF8AE42,17,17,"warm brown core, slightly more golden towards the outer edge, dark grey-black ring around outside of iris, golden band from inner to outer edge between 7:00 and 8:00",same except without the 7:00-8:00 band
hu5E55F5,6,7,blue ,"can't tell, severely scarred"
huA8B443,11,11,hazel,Same
huD0D79A,14,14,hazel,hazel
huD95DAB,13,13,Green,Same
huB6B648,20,20,Brown,Brown
hu8D6607,8,8,blue,blue
huB68207,14,14,,
hu26B551,7,7,"Blue, with only a touch of greenish brown near the pupil. A dark blue ring around the outer edge of the iris.","Blue, with only a touch of greenish brown near the pupil. A dark blue ring around the outer edge of the iris."
hu5CD2C6,18,18,brown,same
huD92216,2,2,grey,same
hu57C3BB,22,22,Dark brown,Dark brown
huB0CC9A,20,20,Brown,Same
hu5F5EB7,10,10,"green, with a dark ring around the circumference",same
hu4B3FF4,20,20,"with dark grayish ring,radiating lines around pupil are not of even thickness",same
hu97DF8E,23,23,dark brown,same
huC96797,21,21,brown,same
hu05AE3F,23,23,Brown,same
huEC68B1,4,4,blue,same
huF7E042,14,14,hazel,hazel
huE44F41,10,10,Hazel,Same
hu9745B5,14,14,"Hazel. Dark amber radiating from pupils to light gold and green, grey-brown outer ring; light grey-blue halo in white ",Same
hu2D6140,7,7,hazel,hazel
hu3DF8AD,8,8,blue-green,same
hu42FD5E,4,4,blue,same
huAC3640,17,17,medium brown with darker outline,Same with black fleck/spot
huA4E2CF,20,20,,
huEBC5E7,20,20,brown,brown
hu117D1E,8,8,Amber/hazel,Amber/hazel
hu86BC6B,9,9,"Deep green, almost emerald, with a light brown ring around center",Same
hu50405B,4,4,blue,same
hu0D77CC,15,15,,
hu21731A,18,18,Brown,same
hu9A06D5,14,14,Green with a brown ring on the inside,same
huF90C82,21,21,brown,same
hu2C7459,7,7,Green,Same
hu2B76CC,16,16,"center brown, outer grey",same
huD2F73D,5,5,blue-green,same
hu90D19A,3,3,blue with flecks,same
hu8BEDE1,20,20,brown,brown
hu7FA667,11,11,Hazel with gold ring,Same
hu51FE08,4,3,blue-gray,blue-gray
hu1B2689,20,20,,
hu3C0611,14,14,hazel,hazel
hu9D3638,21,21,brown,brown
huE9B698,5,5,blue with very light brown ring around pupil,same
hu2E4B9F,17,17,Brown,Brown
huFF2969,15,15,brown,same
huEC6EEC,14,14,,
hu9FEC32,13,13,blue-grey,same
hu8BFB8B,17,16,"Outer greenish circle, like a halo, surrounding an inner amber brown circle around the pupil, with the amber brown going into the green part like ink blots","Outer greenish circle, like a halo, surrounding an inner amber brown circle around the pupil"
huEC0E19,14,14,green with tan flecks,same
hu6E8157,23,23,uniform dark brown,same
huAB5240,4,4,hazel,same
huCED936,14,14,Hazel,Same
hu868BCC,20,20,brown,brown
hu67EBB3,8,8,"green and blue, no fleck or spots","green and blue, no fleck or spots"
huD7960A,5,5,"dark green, with thin brown core",same
hu13812F,4,4,Blue,Same
huC11596,14,14,"Hazel, brown in center, main part green, bluer ring around outside--a little less brown than photo",Same
hu8A71D6,20,20,dark brown ,dark brown with pigment just outside but attached to iris
hu8E2A35,14,14,hazel,hazel
huA9A9EE,20,20,dark brown,dark brown
hu27E03F,4,4,blue,same
hu88D1FC,11,11,hazel,same
hu4DB380,7,7,aqua with dark green outer ring - some brown near iris,aqua with dark green outer ring less brown near iris than left eye
huF91B66,21,21,dark brown with black spots,same
huE753C3,4,4,blue,same
huADA07D,21,21,"Brown or ""Chocolate""",same
huEEE6E8,21,21,dark brown,dark brown
hu01FCAD,20,20,Brown,Brown
hu6578EA,10,10,green with blue ring and lines,same
huAD98C9,22,22,,
huEB7553,11,11,hazel/grey/brown,same
hu5AE862,18,18,Brown,Same
hu592A16,2,2,blue,blue
huB4940E,20,20,Brown,same
hu3BBB0F,14,15,"Hazel, more green than my right eye, color a bit more regular with more brown on top and more green on the bottom","Hazel with brown stellate pattern darkest surrounding the iris and thinning towards the border of the iris. Coloring is evenly Bruce distributed brown to green, as opposed to the left I have a more brown on top and green on the bottom"
hu155D20,11,12,hazel,same
hu63B0BA,15,21,hazel ,"2/3 of my eye is a solid brown, the other 1/3 is hazel"
hu69F26B,8,8,"smooth (no lines minimal flecks) blue grey, with ring around outer edge",same
hu30804D,8,8,blue-green,same
hu6BA24C,8,8,hazel,same
hu45BAB6,18,18,,
huC4A276,13,13,blue green,blue green
hu488F89,8,8,light hazel grey,light hazel grey
hu20289E,18,18,brown,same
huDEF76C,7,9,bluegreenish hazel,same
hu602487,2,2,Blue,Same
hu5AE84D,19,19,brown - they were much darker when I was younger,brown - they were much darker when I was younger
huF1DC30,20,20,brown,brown
hu0D09BD,7,7,blue with darker blue ring and center,same
huC244BC,19,19,brown,brown
hu4CA5B9,20,20,hazel,same
hu839A25,16,16,"Green brown center, sometimes more brown seemingly changing with mood",Same
hu2632E4,4,4,blue,same
hu2632E4,4,4,blue,same
hu50E540,19,19,Brown with slight yellow ring outside,same
hu1BD549,21,21,"Dark brown, some yellow flecks","Dark brown, some yellow flecks"
hu23DF74,9,8,Hazel,same
hu8D8CFA,7,7,blue,blue
huD3A569,1,1,blue,blue
hu43860C,11,11,green with gold flecks,same
huB220C0,2,2,blue,blue
hu005EB9,21,21,dark brown with black ring,dark brown with black ring
hu1ED23F,4,4,blue,blue
hu4BE6F2,13,13,hazel with green and brown flecks,hazel with green and brown flecks
huB1488D,4,4,blue,blue
hu9BE3A3,14,14,hazel,same
hu101EF8,15,15,Radial stripes of multi colors.  Looks brown from a distance.,Radial stripes of multi colors.  Looks brown from a distance.
hu033AF6,20,20,Brown iris with darker brown dots/spots,same
hu0B9C47,5,5,blue-grey,same
hu0B9C47,5,5,blue-grey,same
hu1BF153,14,14,Blue,Same
hu3D303A,2,2,grayish-blue,same
huED0F40,14,15,"Overall brown, with thin blue ring at outer i",Same overall brown color as left eye
hu62F5A1,14,14,"grayish outside, then light brown, then black iris",same
hu24C863,18,18,brown,brown
hu836D0A,10,10,"green, dark ring around flecks of gold",same
hu3E2659,4,4,Dark blue gray with a slight tinge of a hazel ring near the puple,same
hu26DA5F,18,18,,
huB7EEC5,7,7,Blue with ring,Blue with ring
hu4C7B30,14,14,"green, hazel","green, hazel"
hu91FB6B,8,8,blue or blue-green,same
hu151DB6,9,9,hazel,hazel
hu39AD6F,7,7,,
hu172277,13,13,blue/green with orange square/ring in center,same
hu9CEB09,8,8,Grey blue with speckles of green and yellow,same
hu49F623,24,24,brown,brown
hu49F623,24,24,brown,brown
hu3B173B,14,14,green with amber flecks,same
hu11AE54,13,13,Green,Green
huD81F3D,21,22,dark brown with a ring,dark brown with a ring
huD50F73,21,21,Brown,Brown
huC434ED,4,4,Blue,Blue
huAF3DDC,21,21,brown,brown
huC3B707,8,8,green,same
huEDF7DA,23,23,dark brown little variation,dark brown little variation
hu4040B8,16,16,same,same
hu3CEAE6,7,7,blue-grey,blue-grey
hu9D7653,23,23,brown,brown
hu5FF6B0,4,4,blue,blue
huA5A1D1,6,6,blue grey,blue grey
hu299FA0,11,11,hazel,same
hu5D9DE3,13,13,green,same
huCBDC6D,1,1,Blue,Blue
huC0FD53,16,16,Green outline with hazel center,Green outline with hazel center
huC0FD53,16,16,Green outline with hazel center,Green outline with hazel center
huA1D523,16,16,Brown,Same
hu78E4B0,10,10,"Green with dark green outer ring, some yellowish-green areas with darker green flecks","Green with dark green outer ring, some yellowish-green"
hu9A103C,17,18,brown with a greenish edge,"same, but darker"
hu390F07,11,11,green,same
huE9D25C,1,1,blue,same
hu037E20,21,21,,
hu776C1D,1,1,"blue, with ring, dark blue lines",same
hu646527,4,4,Blue with grey flecks,same
hu5408F9,14,14,hazel,same
hu3C8DE9,4,3,blue,blue
huF40F46,11,11,green with gold ring,same
hu6A3E89,,,,
hu35389E,13,13,hazel,hazel
huD5DD1B,15,15,,
huF85C6E,20,20,BROWN,BROWN
hu50D3EC,9,9,,
hu094BE5,14,14,brown,same
hu365511,14,14,hazel,same
huE3A56D,9,11,,
hu3384B3,,,,
hu9C0B77,15,15,light brown,same
huB573AE,9,9,blue/green,same
huEF6271,4,4,Blue,Blue
huBADF69,20,20,Hazel,Same
hu69BD84,14,14,More green than hazel,Same
hu5C5672,3,3,Blue,Same
hu68B66A,14,14,light brown,light brown
huE3FBCD,8,8,,
huB4C1A1,18,18,Brown,same
huE8E021,13,14,green,"same, bit darker"
hu8E6CC6,20,20,brown,brown
huD649F1,9,9,Hazel,Hazel
hu065B67,14,14,"orange-brown inside, then green, then blue-gray ring on the outside",same
huD22AB8,14,14,olive green with a brown bloych,olive green
hu5A7A1A,18,18,,
huA38896,1,1,blue,blue 
hu96FC5C,15,15,Green/brown,same
hu66E27A,1,1,hazel,hazel
hu4E82B4,3,3,Blue,Blue with a speck of brown
huE11C66,12,12,green,same
huD59A33,14,14,hazel,hazel
hu5F0DCB,21,21,brown,brown
hu5917F3,7,7,blue with light colored streaks and a concentric band of dark spots,same
huB1D7BD,11,11,green with light brown inner ring and bluish outer ring,green with light brown inner ring and bluish outer ring
hu3F83D2,18,18,amber,amber
hu5FD75D,4,4,Blue,Same
hu442A0A,8,8,grey with light yellow,grey with light yellow
hu96713F,10,10,green,same
hu466B05,7,7,dlight blue with central yellow starburst and dark blue thin outer rim,same
hu6157D1,7,8,hazel green,same
huB1F492,7,7,"med/light, blue/green with a fairly wide and high contrast limbal ring and a tiny bit of yellow around the pupil",same
hu2F62E7,13,13,green with brown,same
huE9E777,3,4,bluish gray,bluish gray
huEAE6C8,7,7,Grey/blue ring with black and white lines radiating through blue iris with a small amt of yellowish around the pupil,
hu3D46CB,24,24,,
hu647F28,14,14,hazel,same
hu2AB2C8,11,11,green,same
hu735D1C,15,15,hazel,hazel
hu8E82F1,20,20,Brown,Brown
hu97745F,7,7,green-blue,same
hu7FC773,7,7,Between sky blue and a turqouse.,Between sky blue and a turqouse.
hu3C0577,7,8,blue with hint of green,same
hu3C0577,7,8,blue with hint of green,same
hu48E77B,13,,,same
huA7FD13,7,7,green,green
hu3C6B72,7,7,blue with green/yellow ring around pupil,same
hu60EF43,2,2,blue with slightly darker half ring along outer edge,same
huD588DE,17,17,brown,same
hu9E356F,8,8,,
huC4C686,8,8,"blue, green, grey",same
hu1E14AB,,,Hazel,Hazel
hu79C24D,22,22,Dark brown,Same
hu52F6FF,20,20,"brown with darker ring around the edge, some lighter spots if you look close",same
hu6F6F6C,13,13,Green with dark blue ring,Same
huC1BF3B,12,12,Grayish hazel ,same 
hu925B56,10,10,"blue-green-grey; outer ring a darker, more defined blue than pic; more pronounced pigment spots, which are yellow/gold not brown",same
hu020262,15,15,brown and green hazel,same
hu606C9D,23,23,nearly black,nearly black
hu5C39A6,11,11,Blue-grey,same
hu315025,22,22,brown,brown
hu1A4F2E,19,19,hazel with blue ring on outer iris,same
hu8016AE,18,18,brown with hazel flecks,same
hu016B28,23,23,brown,brown
huE30103,21,21,Dark Brown,Same
huC9DD1C,14,14,Green and brown,same
huED93F6,14,14,green with amber internal ring,same
huCD8F76,4,4,blue,same
huADB22D,4,4,blue,same
huA84F63,18,18,"chestnut brown, navy blue ring",same
hu91ACB9,4,4,blue,same
hu2F1691,13,13,hazel,hazel
hu175AB0,7,7,Blue grey with darker blue ring,Blue grey with darker blue ring
hu175AB0,7,7,Blue grey with darker blue ring,Blue grey with darker blue ring
huE81979,4,3,Grey,same
hu79F922,8,8,Blue,Blue
huEFBA44,20,20,Brown,Brown
huFBFF8B,7,7,"blue, grey, sometimes appears more green",same
hu3CCE4B,13,13,green,green
huEFD66A,1,1,blue with a sunflower around the iris,same
hu21815E,8,8,,
hu45515D,14,14,hazel,same
hu25D82D,21,21,solid brown,solid brown
hu5D0BAB,1,1,blue,blue
hu18D324,7,7,blue-grey with green flecks and a ring,same
huAF3C63,21,21,brown,same
hu6FECE9,14,14,brown,brown
hu2C915E,4,4,,
hu9B93D0,3,4,"green, blue, flecks,  some grey",same
huF160AA,13,13,hazel,hazel
huDECFEF,11,11,Hazel,same
hu40FD50,21,21,brown,brown
hu40FD50,21,21,brown,brown
hu3C9326,22,22,Dark brown,Dark brown
huB6474D,9,9,Grey with flecks,Same
huBBDC10,22,22,brown,brown
huDA2757,8,8,blue with a little green on the pupil edge,blue with a little green on the pupil edge
huF33303,7,8,blue with a dark ring around the edge,same
huC678E8,4,4,brue,brue
huD2F14E,13,13,Hazel,Hazel
huB4E868,18,18,brown,brown
huB96844,16,16,#16 is as close as it gets,#16 is as close as it gets
hu092771,10,10,green with yellow flecks,green with yellow flecks
huE02FAC,13,13,green,same
huD00199,13,13,brown to hazel,same
huFE9B93,17,17,Brown,Brown
hu569A8F,19,19,brown,same
hu9B0A6D,18,18,brown,same
huDAE2DF,20,20,brown,brown
hu15CCF3,6,6,blue with darker blue/green ring,same
hu522703,23,23,Dark Brown,same
hu522703,23,23,,
huD758F7,20,20,,
hu4FE0D1,6,6,Blue with some green,Same
huD419A3,3,1,Blue,Blue
huA824FA,20,20,Brown,Brown
hu6BF6F9,18,18,blue with brown flecks,same
hu6BF6F9,,,,
huD76A20,13,13,Green with Blue,Green with Blue
huA5B645,5,5,blue-grey with green varigation,same
huB95FD7,17,17,Brown,Brown
huD85057,8,8,grey,same
hu665667,16,16,greenish brown,same
hu52B7E5,14,14,green with brown around iris,same
hu5C5920,4,6,Hazelish blue,Hazelish blue
huCF0C0F,6,6,blue-grey,blue-grey
huD0D2F9,9,11,,
huCB92AC,8,8,blue/green/gray,same
hu0C8573,22,22,Continuous shade of brown with darker stripes and rings,"Same same, but different."
hu983A64,13,13,Greyish blue with brown ring around pupil. Looks green from a distance,Same
hu0C0779,18,18,Brown with flecks,Same
huE35226,1,1,Blue,Blue
huF84457,11,11,Hazel,Hazel
huD8A898,14,14,green,same
hu919BE3,2,5,dark blue,dark blue 
huED962A,4,4,blue,same
huB19789,22,22,"both eyes are a dark bown with green, gold markings in a almost perfect circular sun-rays like pattern ",same
hu8ACB28,4,4,blue,same
hu0739F4,20,20,Cinnamon honey,Same
hu88F5BD,,,,
hu9E6329,20,20,brown,same
hu199EF4,7,7,Greyish Blue with darker outer ring,same
hu84D25C,4,4,"Blue-grey, light streaks outside to center. RGB color (78,127,158) is closest average color",Same
hu5A306E,13,13,green with brown flecks,green with brown flecks
huAFA81C,15,15,green-brown hazel,same
hu47CCA7,3,3,blue/grey with a slightly darker ring around the outside,same
hu4FE12A,17,17,brown,brown
hu5D4AD0,4,4,Blue,Blue
hu093F8B,14,14,hazel ,same
huF45021,11,11,,
hu27340D,5,6,blue/green,same (maybe a little lighter)
hu46528F,22,22,dark brown,same
hu77C5CB,7,7,grayish blue,same
hu08334F,10,10,green,green
hu474D66,21,21,Deep Brown,Deep Brown
hu0CA6C6,5,5,Few flecks,Few flecks
hu7DAFF3,11,11,Green with gold ring near pupil,same as left eye
huDCF4FA,13,13,hazel,hazel
huF21DD4,21,21,Dark brown fairly uniform ,Same
huCE2801,14,14,brown with green ring,brown with green ring
huF421B2,14,14,hazel,hazel
hu6664F3,17,18,hazel,same
hu92F8E1,4,4,Blue,Same
huB746CE,1,1,blue,blue
huA939D6,15,15,greenish brown,same
hu9B82D1,9,10,green with single brown fleck,green
huDBF064,4,4,blue,same
huB7D6B1,9,9,Green with ring of light brown around pupil,Same
huC7AA8A,17,18,brown,brown
hu12D2A3,2,2,Very light blue,Very light blue
hu77CC58,13,13,Hazel,Hazel
huAF458E,10,10,Medium Green no flecks,SAME
hu453E0E,13,13,green with gold flecks and a gray ring,same
hu7E309A,16,16,hazel,same
hu7719F7,4,3,,
huDF9053,24,24,brown,same
huD862CE,18,18,,
huA90CA9,1,1,Aqua with a white ring around outside,Aqua with a white ring around the outside
hu73BFBC,10,10,green with dark blue ring,same
hu329CC4,7,7,blue with ring,blue with ring
huE7D8FA,13,13,green,same
hu43294F,8,11,light blue-green changes colors,light green-blue changes colors
huD70430,7,7,"Blue, dark blue outer ring, small inner ring light brown","Blue, dark blue outer ring, small inner ring light brown"
hu2F6B37,3,3,blue,blue
hu9E8595,6,6,blue grey with brownish center ring,blue grey with brownish center ring
hu26C7EE,13,13,green,green
hu26C7EE,13,13,green,green
hu5DE8CD,13,13,greenish gray,same
huB33D36,23,23,Black,Same
huC3C30D,14,14,hazel,hazel
huF6B0B1,1,1,Grey,Same
hu54EEB2,14,14,brown around the pupil with a green ring on the outside,same
hu057C7D,4,4,Blue/grey,same
huD828D2,7,7,blue or grey,same
hu1DD730,21,21,dark brown,dark brown
huF58F40,7,7,Kaleidoscope,Kaleidoscope
huDCB7AA,8,8,blue,blue
hu8B35DE,3,3,"blue, bits of brown near pupil ",same
huF9F779,14,14,"Hazel, browner center, green outer ring with dark brown flecks","Same, Hazel, but smaller green outer ring, and no flecks"
huFE71F3,13,13,hazel,same
hu77957D,16,14,hazel with flecks,hazel
hu7B4393,8,8,blue with green band around pupil and couple brown spots,blue with green band around pupil and couple brown spots
hu99AC8D,20,20,dark brown,same
hu267A10,10,10,yellow-green with flecks of amber with a few black spots,"same,without the black spots"
huBE37B9,14,14,"Hazel/green, flecks, brown around pupil",same
huF33837,4,4,blue vibrant,blue vibrant
hu1BF153,4,4,Blue,Blue
huEE7BBB,18,18,Hazel,same
hu79E3C7,17,17,,
huE9E383,21,21,hazel,same
huCB1DEA,21,21,Brown,same
hu0878AF,16,16,"hazel; brown inner ring, greenish outer ring",same
huF629AC,14,14,Hazel,same
hu283211,,,,
hu5CCE61,21,21,dark brown,same
huFD37C8,18,18,brown with green flecks,brown with green flecks
hu57C9FD,21,21,Brown,same
hu36A660,1,1,grey,grey
hu75FDE0,13,13,green with flecks with darker ring,same
huB6623D,11,11,Blue with a yellow ring around the iris,same
hu7D97DF,22,22,dark brown color without spots without freckling,"dark brown color without spot, without freckling"
hu50B3F5,2,2,Blue with a ring of yellow around the pupil,same
huABC594,4,4,Blue,Blue
hu014EFA,21,21,Dark brown,Dark brown
hu519DE2,13,13,hazel,hazel
huADF414,,,Hazel,same
hu0E1D27,16,16,Hazel,same
huAD1375,13,13,Blue,Blue
hu2E179F,21,21,Dark brown,Dark brown
huC70CEE,2,3,blue-gray sometimes brown in center,blue-gray sometimes brown in center
huC70CEE,2,3,"blue-gray, sometimes brown in middle","blue-gray, sometimes brown in middle"
hu7A2F1D,4,4,blue,blue
hu94040B,7,7,blue,blue
hu888B13,17,17,Brown,Brown
hu1A8107,2,2,blue-grey,same
hu1A8107,2,2,blue-grey,same
hu21C2A6,2,2,light blue green,light blue green
hu46B1A0,19,19,brown with grey outer ring,same
huC92BC9,20,20,brown,Same
hu3438DF,21,21,dark brown,dark brown
hu87223B,20,20,solid brown,same
hu4BCE3C,18,18,Haxel,Hazel
huC73C2D,11,11,Blue with Brown around the Iris,Blue witha little Brown around the Iris
hu9FCAF7,13,13,Grey,Same
huDAA62E,11,11,"blue-green, slight brownish ring near pupil",same
hu20C798,11,11,a light hazel/green,same
hu96959E,23,23,brown,same
hu48AC54,6,6,Denium blue with radial pattern; yellow/green near pupil,same
hu0DEE68,,,,
huFF6AB4,8,8,"hazel mostly green today,  blue some days",same
hu01EECF,15,15,Hazel,Same
huA3177D,9,6,Blue with small brown ring,blue with brown specks
huD80EF3,8,8,,
hu75F3D7,16,15,hazel,hazel
huD37BAD,11,10,green with yellow ring,same
hu648431,14,14,"green, light brown flecks",same
hu2419F7,9,9,green,green
huF194C8,17,17,"brown but has green/hazel flecks, which seem to be more prominent during certain hormonal phases,  and dark grey exterior ring",same
hu1C6DA9,4,4,Blue Steel,Blue Steel
huFB87DF,21,21,,
huC2279C,6,6,Blue,Blue
hu0B4653,4,3,Blue with lighter flecks and a darker ring,same
hu1EF4CF,5,5,grey/blue,same
hu82AAD7,21,21,dark brown,same
huE6E6C9,18,18,brown with hints of amber,brown with hints of amber
huB828CB,16,16,Brown,same
hu96B7C3,16,16,"brown, very dark ring around pupil","brown, very dark ring around pupil"
hu979849,18,18,hazel,same
huE81731,,,hazel,hazel
hu02C8E3,13,13,green-gray with some brown around iris,"green-gray with some brown around iris, one brown fleck"
hu3269F6,3,3,Blue,Same
huF99A55,22,22,dark brown,dark brown
huE18D82,13,13,Hazel with thin blue ring,Same
hu4A9989,21,21,brown,brown
hu9EDB77,8,8,"""Hazy Blue""","""Hazy Blue"""
hu7E6BE8,11,11,Green with slight brown around pupil,Same
huD636DC,22,22,,
huD0127A,2,2,blue with tint of green,blue with tint of green
huD0127A,2,2,blue with tint of green,blue with tint of green
hu4F3DB4,8,8,Hazel,Same 
hu2FBC1E,18,18,Brown,Brown
hu49682A,20,20,brown,same
huECE756,11,11,greenish,greenish
hu569BA6,13,13,dark grey,same
hu1247AF,3,3,blue that gets darker around the edge,same
huE670CB,13,13,Hazel,Hazel
huE8AB10,21,21,brown,same
hu609D1E,1,1,,
hu609D1E,1,1,Blue,same
huA91EB4,4,4,blue with a dark ring around the outter part of iris,same
hu7D9CFA,22,22,brown,brown
hu7D9CFA,22,22,brown,brown
huE9EECA,14,14,hazel,same
huE17950,13,13,hazel,fleck of brown
hu5E164C,11,11,green,green
hu63165B,20,20,brown,brown
hu618103,4,4,blue,same
huC43685,22,22,brown,same
hu6791F6,16,16,Hazel with dark gold flecks,Same 
huE8554D,21,21,Deep Brown with interspersed black flecks,Deep Brown with interspersed black flecks
hu5E8E50,21,21,"brown, no distinguishing features",same
hu005023,20,20,brown,brown with black line
hu81BCA8,3,3,Blue with gray and green tones and dark rim,same
huAC827A,14,14,hazel with ring,same
hu955EE1,20,20,Brown,same
huE9130A,16,16,brown,brown
hu868880,16,16,hazel,hazel
huF7B0CD,21,21,amber brown with gold rings ,amber brown with gold rings
huA433CD,1,1,blue,same
huA433CD,1,1,Blue,Blue
hu64A49C,2,3,blue,blue
hu9D75D9,21,21,Brown with spots,Brown
hu52A2CC,12,12,"hazel, flecks of gold and brown, Grey, green",same
hu531522,21,21,,
hu53E02A,13,5,blue with yellow inside around the the black,pale grey
hu5A38F5,8,8,GREEN AROUND THE PUPIL AND BLUE AROUND THE GREEN,SAME
huEAA391,21,21,Brown,same
hu2F80FC,23,24,dark,same
huD23DC7,21,21,borwn with a deep olive green center,same
huBFC13E,3,3,blue,same
hu4EEA9B,13,13,"Green, Hazel, Brown, Red, as dark as image 16, with a Ring.",Same
hu4EEA9B,14,14,"Like number 14, but with dark ring.  Overall color slightly darker than picture.","Like number 14, but with dark ring.  Overall color slightly darker than picture."
huDBDF82,14,14,hazel,same
huDBDF82,14,14,hazel,hazel
huC03A63,14,14,Hazel,same
hu4C3094,6,6,,
hu9925B4,7,7,"Dark blue outer rim, lighter  blue throughout, green around pupil",same
hu1C3ACB,12,12,Green,Same
huAD6C57,18,18,blue,blue
hu4623CD,23,23,brown almost black,same
huDE8ACB,14,15,"Hazel, changes color from blue green to green brown",Same
hu297A5D,4,4,blue,blue
huFB4F9E,1,1,"vivid, aqua, blue with silver and teal starburst and a more vivid dark aqua ring around the outside",same
huCDD5EE,2,2,Blue with hint of yellow with starburst,Same
huDE536F,13,13,hazel,same
huB0DE0F,14,,"green edges, brown around the center",same
hu8209C4,7,6,blue,blue
hu152E96,15,15,hazel,hazel
hu55889F,14,14,bron in center green at edge,same
hu77BAD2,2,2,grey-blue,grey-blue
hu37161B,7,7,Blue,Blue
huDD5D00,13,13,"Chameleon Eyes: Change between blue, green, grey, hazel. ","""same"""
hu741459,5,5,grey,grey
huBE7BAD,8,11,grey-green,same
hu2735B0,15,15,brown,brown
hu9C5D3F,14,14,Hazel,Hazel
huB4DBD7,7,7,Blue,Same
huE0E689,18,18,Honey brown with gold flecks,Same
hu346673,4,4,Blur,Same
hu01FB26,21,21,brown,same
hu01FB26,21,21,brown,same
huC3ACB0,6,6,light blue,same
hu652406,12,12,Green - light blue center with dark rings,Same
hu60431C,18,18,brown,brown
hu7ECB9C,22,22,brown,brown
hu7BBD72,5,5,"light blue/gray with a yellowish/greenish/goldish/hazelish ring around the pupil, and tiny flecks of the same color throughout the blue/gray ","light blue/gray with a yellowish/greenish/goldish/hazelish ring around the pupil, and tiny flecks of the same color throughout the blue/gray "
hu880E6A,4,4,blue,same
hu60AB7C,14,14,Olive Drab outside of Hazel,Olive Drab outside of Hazel
hu470099,14,14,hazel,same
hu4C20BC,7,7,blue,same
hu70ED6F,14,14,Brown with some green,same
hu70ED6F,14,14,Brown w/green,same
hu1FD318,13,13,green,same
hu6D243A,4,6,blue,same
hu1187FF,10,10,light green,same
hu7CE7A6,22,22,,
hu4B3CE7,21,21,"dark ring brown center ""ray""",same
hu65BFA1,7,7,Blue/Green,same
hu4F2901,20,20,brown,brown
hu3FD7CB,13,13,Hazel,Same
hu40A5EC,8,8,,
huEDD981,2,2,blue,blue
huEDD981,2,2,blue,blue
huA5C65F,4,4,Blue,Same
huD82893,7,7,Darker blue ring around a lighter blue shade with some small flecks of green right around the pupil,Almost the same - the green flecks are slightly larger here
hu480C51,4,4,Blue,Blue
hu6568BC,18,18,brown,same
hu39D219,10,10,"light green with dark, thick ring",same
hu7C0788,19,19,brown,brown
huAF469C,11,11,blue,blue
huAF469C,11,11,blue,blue
huCE971C,7,7,Hazel,same
hu9F0C90,7,7,Blue,Same
huC87AD4,1,1,blue,same
hu4D6C61,20,20,dark brown with dark blue-violet ring,same
hu5F9608,1,1,blue,same
hu4BB10E,4,4,Blue,Blue
hu7CAF48,14,14,hazel,hazel
hu8DFB85,3,3,Green,Same
huBF974E,16,17,"Medium brown center, hazel middle, slight green outer edge","medium brown center and middle, hazel outer edge"
hu498BDE,21,21,brown,brown
huEC83E7,2,2,blue,blue
hu9CB528,21,21,solid dark brown,solid dark brown
hu6B7829,1,1,blue,same
huC9C933,7,7,blue,same
huA49E22,16,16,similar to #16 but without black spots,same
hu24E078,14,14,green/hazel,same
hu231D80,4,4,blue,same
hu136241,8,8,blue green with ring,"""same"""
hu5A7E54,23,23,,
hu3963B9,16,16,hazel green with iron flecks,same
hu5A7DC1,1,1,Blue,same
hu7F7E4E,24,24,Brown,Brown
hu448C4B,8,8,blue with ring,same
huAD6C57,7,7,blue,blue
hu2CDBAA,3,3,Blue/Gray ,Same
hu297A5D,4,4,blue,blue
hu53075C,18,18,Golden brown,Golden brown
hu344FC0,7,8,Blue with a little green,Same
hu17B792,14,14,hazel,hazel
huFE1782,2,2,blue with dark ring,same
hu5268AD,20,20,brown,brown
hu297A5D,4,4,blue,blue
huF055B9,22,22,"Brown, sometimes 'amber' in sunlight",same
hu6036FB,14,14,,one black spot
hu473ED0,7,7,Blue w/ gray lines and inner hazel ring,Same
hu5CA053,14,14,Green with brown circle around pupil,Green with brown circle around pupil
hu1DC288,4,4,Electric blue with a sapphire blue ring on the putter iris and a dark blue almost black ring around the pupil,Same
huF5F075,16,16,hazel,hazel
hu371765,18,18,brown,brown
hu9532BC,14,14,hazel,same
hu53DD01,7,7,blue,blue
hu6F651C,14,14,brown,brown
huB06CDB,7,7,"Blue, dark ring around iris, a hint of gold striping, & dark blue stripes",Same
hu76380E,11,11,blue-green,same
hu27CF3D,13,13,Grey/blue/green,Same
huC5203C,,,Blue,Blue
hu8FCC8F,4,4,"Dark blue outer, grey inner, with green flecks",same
hu81F96F,18,18,medium brown with flecks with ring with spots,same
huFE0257,19,19,Brown,Brown
hu7D1D2D,23,23,Dark Brown,Same
huD7DB72,11,12,light teal with a darker ring,same
huD7DB72,11,12,blue-green with ring,same
huAFF60A,17,17,brown,same
huDEEECB,8,8,blue with amber flecks,same
hu3F8570,4,4,Blue,same
hu45A646,21,21,brown,brown
hu934217,1,1,Blue,Blue
huBA62D9,19,19,Brown,Brown
hu52C5AD,7,7,"Blue with dark blue ring around outside edge, gold ring inside next to pupil",same
hu655EB3,18,18,brown,same
huBBF649,20,20,brown,brown
hu0F6CC5,10,10,teal green,same
hu9639D2,13,13,green,green
hu195E4B,4,4,grey blue,grey blue
huADBA20,1,1,iceberg blue ,iceberg blue 
hu00F298,15,15,hazel,same
hu72C17A,20,20,brown with yellow flecks,same
hu2519CF,,,brown,same
huF489EC,17,17,Medium brown,Medium brown
huDF8970,10,10,hazel,hazel
hu524B5B,22,22,brown,brown
huE27C66,1,1,Blueberry ,Blueberry
huE7271F,17,17,brown,brown
hu47E28A,7,7,Gray-Blue,Gray-Blue
hu7F50FF,8,8,green,green
hu768A9A,21,21,"brown, solid",same
hu826751,11,11,blue,blue
hu351AF9,16,16,brown,same
hu8246C2,4,4,blue,blue
hu96D41E,7,7,Blue,Blue
huD6F70D,1,1,blue,blue
huCA7C6B,2,2,,
huD2F73D,7,7,blue-green,blue-green
hu9AF15C,11,11,blueish green gray,same
huA80B79,15,15,hazel,same
hu01FCAD,16,15,brown,brown
hu4B6D1D,10,10,Blue-Grey Hazel,Green-Grey Hazel
hu19CCAF,15,15,hazel,hazel
hu4A8E6F,23,23,Dark brown,Dark brown
huA3BBD3,20,20,brown,same
hu4528B9,8,8,Blue grey/green,Same
huA2D79E,23,23,dark brown almost black,dark brown almost black
hu082B98,17,17,hazel brown,same
huAC9980,18,18,Brown,Brown
huAA306E,2,2,blue,same
hu26D074,4,4,Grey with some blue,same
hu18460C,14,14,hazel with green ring,hazel with green ring
hu18460C,14,14,hazel with green ring,hazel with green ring
hu55E69B,7,7,blue-green,blue-green
hu6F9975,13,13,green with one brown speck,green
hu0B100A,11,9,"Blue/grey, pigment around pupils",same
hu5880D9,13,13,Dark green blue with yellow/brown around pupil,same
hu9BD3DC,3,3,Blue with darker blue ring around outer iris,Same
hu34986F,10,8,Green blue,Blue yellow
hu88370B,8,8,,
hu6C4BCF,17,17,brown with some green tint,brown with some green tint
hu4664CE,11,8,Blue with ring,Blue with lesser ring
hu83E9B9,20,20,,
hu98F189,8,9,Blue green,Same
hu05FD49,10,10,blue green,same
hu76D186,6,6,"blue, few specks","blue, few specks"
huA33758,16,16,My colour division isn't quite as crisp as the pic. My Color is like a burnt amber surrounded by olive.,Same.
hu871435,11,11,Hazel,Hazel
hu72C17A,21,21,brown,brown
huB1FD55,14,15,Golden Brown with hazel flecks,same
huEEE6E8,20,20,brown,same
hu7DE7FD,13,13,"greenish w brown centers, w flecks",same
hu51B2DF,2,2,blue,same
hu82D466,15,15,hazel,hazel
huF5E0B6,20,20,brown,brown
hu3E3370,7,7,blue,blue
hu5CABA7,19,19,"Brown with green lines, more green on the outside.",same
hu72076D,4,4,Blue,Same
hu7A03F2,4,4,light blue ring with dark blue outer ring,light blue ring with dark blue outer ring
hu635045,16,16,,
hu6D1115,20,20,brown,same
hu8602F1,14,14,green with brown around pupil,same
hu6E7E5D,9,9,Blue outside with increasing brown/hazel near pupil--streak of hazel extends to outside on bottom,Same as above without streak
hu4D906B,13,13,Light greenish blue with small yellow/brown flecks and solid dark ring,Same
hu1F7A7D,7,7,"Dark blue outer circle, light green iris",Same
hu26C7EE,10,10,Green w yellow ring dark blue around outer edge,Green w yellow ring dark blue around outer edge
huB9F2F3,15,15,hazel,same
hu70D651,11,11,hazelish?,same
hu1097B2,11,11,green with wide dark ring on outside edge,same
huE1E24D,18,18,Brown,Brown
hu5BB600,2,2,Blue,Blue
hu6642CE,7,8,Blue with lighter ring around the iris,Same
hu1F73AB,1,1,blue with ring,same
hu886B5A,14,14,"grayish blue, brown flecks","grayish blue, brown flecks"
hu3E6525,,,,
huDC33F3,24,24,Black ,Black 
hu7B9713,9,9,Hazel,Same
hu427AF5,8,8,Hazel,same
hu420F49,9,4,Green and blue,Blue
huEFD2F0,20,20,med brown edging to darker brown at edges,med brown edging to darker brown at edges
hu7A9A8F,7,7,blue-green,same
hu976B29,4,4,Blue,Blue
hu4DE348,8,9,blue with flecks of brown,blue with flecks of brown
hu0C9503,7,7,blue-gray,same
hu54EEB2,14,14,hazel,hazel
hu916767,20,20,brown,brown
hu2DBF2D,8,8,pale blue with goldish hue surrounding the pupil,same
hu10D938,11,11,"Dark blue outer ring, small yellow-gold inner ring","Dark blue outer ring, small yellow-gold inner ring"
hu10D938,11,11,"Dark blue outer ring, yellow-gold inner ring","Dark blue outer ring, yellow-gold inner ring"
hu6CD2B2,15,15,hazel,same
hu4A0B16,11,11,green with lighter blue ,same
huC300EA,20,20,BROWN,BROWN
huEC8BB4,20,20,Brown,Brown
hu4509AD,10,10,grey green,same
hu07CA25,13,13,"green, golden, gray hazel with a darker ring",same
hu4C0A4F,2,2,blue,same
huC3ECD9,16,16,Hazel,Hazel
hu548442,5,2,blue/green,same
huC61F44,7,7,blue-gray with dark outer ring,same
hu4A9550,13,13,hazel,hazel
hu17410A,2,2,Hazel,Same
hu029DBB,21,21,Brown with gold threads,Brown with gold threads
huA96EC4,16,16,"brown, green, dark brown heterochromia iridium","brown, green"
hu4D0AD8,19,19,brown,same
hu16D807,13,13,hazel,hazel
hu8D297C,15,16,dark hazel,dark hazel
hu217398,1,1,Cornflower blue,Same
huB225A9,2,2,blue,blue
hu2B8562,7,7,grey-green with dark ring,same
hu4B1A63,15,15,Grey,Grey
hu370A63,11,11,hazel,hazel
hu370A63,11,11,hazel,hazel
hu0211D6,13,13,green,green
huB75628,14,14,Green to brown gradient,Green to brown gradient
huB75628,14,14,Green to brown gradient,Green to brown gradient
huDCCD23,14,14,"dark outer ring, green/blue with brown",same
huEBFE01,14,14,hazel,same
hu955F41,11,11,hazel,same
huE2EAB7,2,2,somewhere between blue and gray,same
hu2C27FF,13,13,,
hu50741B,14,14,hazel,same
hu515A13,1,1,blue,same
hu691B95,2,7,Blue with gold and grey ,Blue with gold and grey
hu48739E,7,7,"Light blue, sea green, grey with light brown flecks close to pupil",Same
huAA67BC,3,3,blue,same
hu2EFFAB,15,14,Dark brown at periphery and lighter brown in center,Similar
hu4F2FC9,13,13,hazel,hazel w/ few flecks
hu0EB0AC,23,23,black,same
hu0E7AAF,11,11,hazel,hazel
huA5BEB9,15,15,hazel,same
huDABCEB,21,21,Brown,Same
huE77B10,10,10,Green,Green
huAF3415,4,4,blue,same
hu828330,5,5,blue with darker ring around iris,same
hu9BBEE6,4,4,medium blue,same
hu6B8812,20,20,brown,same
hu040C0A,16,16,hazel,same
huF6B050,8,8,Blue with green hints,Blue with green hints
hu1EEE46,7,7,Blue,same
hu99FB1A,15,15,Brown center resolving to green,same
hu99FB1A,15,15,"hazel ,brown in center, green outside",same
huA5BA2A,2,2,blue grey,blue grey
hu04D550,13,13,green,same
huF0C7F6,7,7,Blue green,Blue green
huD58ABC,2,2,blue gray,same
hu4F0EE1,20,20,,
huF5A4C6,16,23,light brown,dark brown
hu0257DA,8,5,Gray/green combo with flecks of gold around pupil,same (but with much less gold flecks)
hu6942AE,1,1,Blue/grey with light ring around pupil,same
hu28C432,8,7,Blue with green center,same
